Movie ID,Package ID,Title,Owner,NotForPlayback,Tags,Package Type,Status,INACTIVATE?,Deal ID,Countries,Deployed
81788255,2305935,"Automation Live Waiting Test Show: Automation Live Waiting Test Show: Season 1: ""Automation Live Waiting Test Show: Season 1: Episode 3""",,,LiveTestPackage,Live,Active,,7950,1 / AA,1
81729101,2226684,Client Device Testing 1,LSP,NO,LiveTestPackage,Live,Active,,7950,"2 / AA, US",1
81729103,2229272,Client Device Testing 2,LSP,NO,LiveTestPackage,Live,Active,,7950,"2 / AA, US",1
81729105,2240540,Client Device Testing 3,LSP/Client,NO,"DVR, LiveTestPackage",Live,Active,,7950,"2 / AA, US",1
81729107,2247840,Client Device Testing 4,LSP/OC,NO,LiveTestPackage,Live,Active,,7950,"2 / AA, US",1
81729109,2247841,Client Device Testing 5,LSP/OC,,"DVR, LiveTestPackage",Live,Active,,7950,"2 / AA, US",1
81476229,2178070,"CoComelon: Season 5: ""Episode 1""",LSP,NO,[],Live,Active,NO,14195,"244 / AD, AE, AF, AG, AI, AL, AM, AO, AQ, AR, AS, AT, AU, AW, AZ, BA, BB, BD, BE, BF, BG, BH, BI, BJ, BL, BM, BN, BO, BQ, BR, BS, BT, BW, BY, BZ, CA, CC, CD, CF, CG, CH, CI, CK, CL, CM, CO, CR, CU, CV, CW, CX, CY, CZ, DE, DJ, DK, DM, DO, DZ, EC, EE, EG, EH, ER, ES, ET, FI, FJ, FK, FM, FO, FR, GA, GB, GD, GE, GF, GG, GH, GI, GL, GM, GN, GP, GQ, GR, GS, GT, GU, GW, GY, HK, HM, HN, HR, HT, HU, ID, IE, IL, IM, IN, IO, IQ, IR, IS, IT, JE, JM, JO, JP, KE, KG, KH, KI, KM, KN, KP, KR, KW, KY, KZ, LA, LB, LC, LI, LK, LR, LS, LT, LU, LV, LY, MA, MC, MD, ME, MF, MG, MH, MK, ML, MM, MN, MO, MP, MQ, MR, MS, MT, MU, MV, MW, MX, MY, MZ, NA, NC, NE, NF, NG, NI, NL, NO, NP, NR, NU, NZ, OM, PA, PE, PF, PG, PH, PK, PL, PM, PN, PR, PS, PT, PW, PY, QA, RE, RO, RS, RU, RW, SA, SB, SC, SD, SE, SG, SH, SI, SK, SL, SM, SN, SO, SR, SS, ST, SV, SX, SY, SZ, TC, TD, TG, TH, TJ, TK, TL, TM, TN, TO, TR, TT, TV, TW, TZ, UA, UG, UM, US, UY, UZ, VA, VC, VE, VG, VI, VN, VU, WF, WS, YE, YT, ZA, ZM, ZW",1
81476230,2178073,"CoComelon: Season 5: ""Episode 2""",LSP,NO,[],Live,Active,NO,14195,"244 / AD, AE, AF, AG, AI, AL, AM, AO, AQ, AR, AS, AT, AU, AW, AZ, BA, BB, BD, BE, BF, BG, BH, BI, BJ, BL, BM, BN, BO, BQ, BR, BS, BT, BW, BY, BZ, CA, CC, CD, CF, CG, CH, CI, CK, CL, CM, CO, CR, CU, CV, CW, CX, CY, CZ, DE, DJ, DK, DM, DO, DZ, EC, EE, EG, EH, ER, ES, ET, FI, FJ, FK, FM, FO, FR, GA, GB, GD, GE, GF, GG, GH, GI, GL, GM, GN, GP, GQ, GR, GS, GT, GU, GW, GY, HK, HM, HN, HR, HT, HU, ID, IE, IL, IM, IN, IO, IQ, IR, IS, IT, JE, JM, JO, JP, KE, KG, KH, KI, KM, KN, KP, KR, KW, KY, KZ, LA, LB, LC, LI, LK, LR, LS, LT, LU, LV, LY, MA, MC, MD, ME, MF, MG, MH, MK, ML, MM, MN, MO, MP, MQ, MR, MS, MT, MU, MV, MW, MX, MY, MZ, NA, NC, NE, NF, NG, NI, NL, NO, NP, NR, NU, NZ, OM, PA, PE, PF, PG, PH, PK, PL, PM, PN, PR, PS, PT, PW, PY, QA, RE, RO, RS, RU, RW, SA, SB, SC, SD, SE, SG, SH, SI, SK, SL, SM, SN, SO, SR, SS, ST, SV, SX, SY, SZ, TC, TD, TG, TH, TJ, TK, TL, TM, TN, TO, TR, TT, TV, TW, TZ, UA, UG, UM, US, UY, UZ, VA, VC, VE, VG, VI, VN, VU, WF, WS, YE, YT, ZA, ZM, ZW",1
81476231,2178106,"CoComelon: Season 5: ""Episode 3""",LSP,NO,[],Live,Active,NO,14195,"244 / AD, AE, AF, AG, AI, AL, AM, AO, AQ, AR, AS, AT, AU, AW, AZ, BA, BB, BD, BE, BF, BG, BH, BI, BJ, BL, BM, BN, BO, BQ, BR, BS, BT, BW, BY, BZ, CA, CC, CD, CF, CG, CH, CI, CK, CL, CM, CO, CR, CU, CV, CW, CX, CY, CZ, DE, DJ, DK, DM, DO, DZ, EC, EE, EG, EH, ER, ES, ET, FI, FJ, FK, FM, FO, FR, GA, GB, GD, GE, GF, GG, GH, GI, GL, GM, GN, GP, GQ, GR, GS, GT, GU, GW, GY, HK, HM, HN, HR, HT, HU, ID, IE, IL, IM, IN, IO, IQ, IR, IS, IT, JE, JM, JO, JP, KE, KG, KH, KI, KM, KN, KP, KR, KW, KY, KZ, LA, LB, LC, LI, LK, LR, LS, LT, LU, LV, LY, MA, MC, MD, ME, MF, MG, MH, MK, ML, MM, MN, MO, MP, MQ, MR, MS, MT, MU, MV, MW, MX, MY, MZ, NA, NC, NE, NF, NG, NI, NL, NO, NP, NR, NU, NZ, OM, PA, PE, PF, PG, PH, PK, PL, PM, PN, PR, PS, PT, PW, PY, QA, RE, RO, RS, RU, RW, SA, SB, SC, SD, SE, SG, SH, SI, SK, SL, SM, SN, SO, SR, SS, ST, SV, SX, SY, SZ, TC, TD, TG, TH, TJ, TK, TL, TM, TN, TO, TR, TT, TV, TW, TZ, UA, UG, UM, US, UY, UZ, VA, VC, VE, VG, VI, VN, VU, WF, WS, YE, YT, ZA, ZM, ZW",1
81928610,2350828,"Dinner Time Live With David Chang: Season 2: ""Episode 5: Holiday Hors D’Oeuvres and Drinks""",User facing,NO,"Live, ROW",Live,Active,NO,"7950, 46769","245 / AA, AD, AE, AF, AG, AI, AL, AM, AO, AQ, AR, AS, AT, AU, AW, AZ, BA, BB, BD, BE, BF, BG, BH, BI, BJ, BL, BM, BN, BO, BQ, BR, BS, BT, BW, BY, BZ, CA, CC, CD, CF, CG, CH, CI, CK, CL, CM, CN, CO, CR, CU, CV, CW, CX, CY, CZ, DE, DJ, DK, DM, DO, DZ, EC, EE, EG, EH, ER, ES, ET, FI, FJ, FK, FM, FO, FR, GA, GB, GD, GE, GF, GG, GH, GI, GL, GM, GN, GP, GQ, GR, GS, GT, GU, GW, GY, HK, HM, HN, HR, HT, HU, ID, IE, IL, IM, IN, IO, IQ, IR, IS, IT, JE, JM, JO, JP, KE, KG, KH, KI, KM, KN, KP, KR, KW, KY, KZ, LA, LB, LC, LI, LK, LR, LS, LT, LU, LV, LY, MA, MC, MD, ME, MF, MG, MH, MK, ML, MM, MN, MO, MP, MQ, MR, MS, MT, MU, MV, MW, MX, MY, MZ, NA, NC, NE, NF, NG, NI, NL, NO, NP, NR, NU, NZ, OM, PA, PE, PF, PG, PH, PK, PL, PM, PN, PR, PS, PT, PW, PY, QA, RE, RO, RS, RU, RW, SA, SB, SC, SD, SE, SG, SH, SI, SK, SL, SM, SN, SO, SR, SS, ST, SV, SX, SY, SZ, TC, TD, TG, TH, TJ, TK, TL, TM, TN, TO, TR, TT, TV, TW, TZ, UA, UG, UM, UY, UZ, VA, VC, VE, VG, VI, VN, VU, WF, WS, YE, YT, ZA, ZM, ZW",1
81928610,2385324,"Dinner Time Live With David Chang: Season 2: ""Episode 5: Holiday Hors D’Oeuvres and Drinks""",User facing,NO,"Live, US",Live,Active,NO,"7950, 46769","2 / AA, US",1
81928611,2350826,"Dinner Time Live With David Chang: Season 2: ""Episode 6: Friendsgiving""",User facing,NO,Live,Live,Active,NO,"7950, 46769","246 / AA, AD, AE, AF, AG, AI, AL, AM, AO, AQ, AR, AS, AT, AU, AW, AZ, BA, BB, BD, BE, BF, BG, BH, BI, BJ, BL, BM, BN, BO, BQ, BR, BS, BT, BW, BY, BZ, CA, CC, CD, CF, CG, CH, CI, CK, CL, CM, CN, CO, CR, CU, CV, CW, CX, CY, CZ, DE, DJ, DK, DM, DO, DZ, EC, EE, EG, EH, ER, ES, ET, FI, FJ, FK, FM, FO, FR, GA, GB, GD, GE, GF, GG, GH, GI, GL, GM, GN, GP, GQ, GR, GS, GT, GU, GW, GY, HK, HM, HN, HR, HT, HU, ID, IE, IL, IM, IN, IO, IQ, IR, IS, IT, JE, JM, JO, JP, KE, KG, KH, KI, KM, KN, KP, KR, KW, KY, KZ, LA, LB, LC, LI, LK, LR, LS, LT, LU, LV, LY, MA, MC, MD, ME, MF, MG, MH, MK, ML, MM, MN, MO, MP, MQ, MR, MS, MT, MU, MV, MW, MX, MY, MZ, NA, NC, NE, NF, NG, NI, NL, NO, NP, NR, NU, NZ, OM, PA, PE, PF, PG, PH, PK, PL, PM, PN, PR, PS, PT, PW, PY, QA, RE, RO, RS, RU, RW, SA, SB, SC, SD, SE, SG, SH, SI, SK, SL, SM, SN, SO, SR, SS, ST, SV, SX, SY, SZ, TC, TD, TG, TH, TJ, TK, TL, TM, TN, TO, TR, TT, TV, TW, TZ, UA, UG, UM, US, UY, UZ, VA, VC, VE, VG, VI, VN, VU, WF, WS, YE, YT, ZA, ZM, ZW",1
81928612,2350824,"Dinner Time Live With David Chang: Season 2: ""Episode 7: Thanksgiving in 45 Minutes""",User facing,NO,"Global, Live",Live,Active,NO,46769,"245 / AD, AE, AF, AG, AI, AL, AM, AO, AQ, AR, AS, AT, AU, AW, AZ, BA, BB, BD, BE, BF, BG, BH, BI, BJ, BL, BM, BN, BO, BQ, BR, BS, BT, BW, BY, BZ, CA, CC, CD, CF, CG, CH, CI, CK, CL, CM, CN, CO, CR, CU, CV, CW, CX, CY, CZ, DE, DJ, DK, DM, DO, DZ, EC, EE, EG, EH, ER, ES, ET, FI, FJ, FK, FM, FO, FR, GA, GB, GD, GE, GF, GG, GH, GI, GL, GM, GN, GP, GQ, GR, GS, GT, GU, GW, GY, HK, HM, HN, HR, HT, HU, ID, IE, IL, IM, IN, IO, IQ, IR, IS, IT, JE, JM, JO, JP, KE, KG, KH, KI, KM, KN, KP, KR, KW, KY, KZ, LA, LB, LC, LI, LK, LR, LS, LT, LU, LV, LY, MA, MC, MD, ME, MF, MG, MH, MK, ML, MM, MN, MO, MP, MQ, MR, MS, MT, MU, MV, MW, MX, MY, MZ, NA, NC, NE, NF, NG, NI, NL, NO, NP, NR, NU, NZ, OM, PA, PE, PF, PG, PH, PK, PL, PM, PN, PR, PS, PT, PW, PY, QA, RE, RO, RS, RU, RW, SA, SB, SC, SD, SE, SG, SH, SI, SK, SL, SM, SN, SO, SR, SS, ST, SV, SX, SY, SZ, TC, TD, TG, TH, TJ, TK, TL, TM, TN, TO, TR, TT, TV, TW, TZ, UA, UG, UM, US, UY, UZ, VA, VC, VE, VG, VI, VN, VU, WF, WS, YE, YT, ZA, ZM, ZW",1
81928612,2408033,"Dinner Time Live With David Chang: Season 2: ""Episode 7: Thanksgiving in 45 Minutes""",User facing,NO,AA,Live,Active,NO,"7950, 46769",1 / AA,1
81928613,2350825,"Dinner Time Live With David Chang: Season 2: ""Episode 8""",User facing,NO,Live,Live,Active,NO,"7950, 46769","246 / AA, AD, AE, AF, AG, AI, AL, AM, AO, AQ, AR, AS, AT, AU, AW, AZ, BA, BB, BD, BE, BF, BG, BH, BI, BJ, BL, BM, BN, BO, BQ, BR, BS, BT, BW, BY, BZ, CA, CC, CD, CF, CG, CH, CI, CK, CL, CM, CN, CO, CR, CU, CV, CW, CX, CY, CZ, DE, DJ, DK, DM, DO, DZ, EC, EE, EG, EH, ER, ES, ET, FI, FJ, FK, FM, FO, FR, GA, GB, GD, GE, GF, GG, GH, GI, GL, GM, GN, GP, GQ, GR, GS, GT, GU, GW, GY, HK, HM, HN, HR, HT, HU, ID, IE, IL, IM, IN, IO, IQ, IR, IS, IT, JE, JM, JO, JP, KE, KG, KH, KI, KM, KN, KP, KR, KW, KY, KZ, LA, LB, LC, LI, LK, LR, LS, LT, LU, LV, LY, MA, MC, MD, ME, MF, MG, MH, MK, ML, MM, MN, MO, MP, MQ, MR, MS, MT, MU, MV, MW, MX, MY, MZ, NA, NC, NE, NF, NG, NI, NL, NO, NP, NR, NU, NZ, OM, PA, PE, PF, PG, PH, PK, PL, PM, PN, PR, PS, PT, PW, PY, QA, RE, RO, RS, RU, RW, SA, SB, SC, SD, SE, SG, SH, SI, SK, SL, SM, SN, SO, SR, SS, ST, SV, SX, SY, SZ, TC, TD, TG, TH, TJ, TK, TL, TM, TN, TO, TR, TT, TV, TW, TZ, UA, UG, UM, US, UY, UZ, VA, VC, VE, VG, VI, VN, VU, WF, WS, YE, YT, ZA, ZM, ZW",1
81953687,2381168,Dolphins @ Rams,,,[],Live,Active,,7950,1 / AA,1
81681422,2163861,E2E Test 11,LSP/Client,NO,LiveTestPackage,Live,Active,,7950,1 / AA,1
81681424,2287018,E2E Test 12,,,LiveTestPackage,Live,Active,,7950,1 / AA,1
81681699,2272019,E2E Test 20,,,LiveTestPackage,Live,Active,,7950,1 / AA,1
81678746,2161105,E2E Test 4,LSP,NO,"LiveTestPackage, OAD",Live,Active,,7950,1 / AA,1
81678751,2162900,E2E Test 6,,,LiveTestPackage,Live,Active,,7950,1 / AA,1
81678753,2162991,E2E Test 7,,,LiveTestPackage,Live,Active,,7950,1 / AA,1
81759506,2266777,E2E Test Title 01242024,,,LiveTestPackage,Live,Active,,7950,1 / AA,1
81698775,2192455,"Episodic Series Show 1: Episodic Series Show 1: Season 1: ""Episode 12""",,,LiveTestPackage,Live,Active,,7950,1 / AA,1
81692614,2180887,"Episodic Series Show 1: Episodic Series Show 1: Season 1: ""Episode 7""",,,LiveTestPackage,Live,Active,,7950,1 / AA,1
81691519,2177519,"Episodic Series Show 1: Episodic Series Show 1: Season 1: ""Episodic Series Show 1: Season 1: Episode 6""",,,LiveTestPackage,Live,Active,,7950,1 / AA,1
81698799,2191212,"Episodic Series Show 2: Episodic Series Show 2: Season 1: ""Episode 11""",,,LiveTestPackage,Live,Active,,7950,1 / AA,1
81683238,2171466,"Episodic Series Show 2: Episodic Series Show 2: Season 1: ""Episode 3""",,,LiveTestPackage,Live,Active,,7950,1 / AA,1
81692769,2181608,"Episodic Series Show 2: Episodic Series Show 2: Season 1: ""Episode 7""",,,LiveTestPackage,Live,Active,,7950,1 / AA,1
81683240,2173975,"Episodic Series Show 2: Episodic Series Show 2: Season 1: ""Episodic Series Show 2: Season 1: Episode 5""",,,LiveTestPackage,Live,Active,,7950,1 / AA,1
81691565,2177727,"Episodic Series Show 2: Episodic Series Show 2: Season 1: ""Episodic Series Show 2: Season 1: Episode 6""",,,LiveTestPackage,Live,Active,,7950,1 / AA,1
81699023,2193531,"Episodic Series Show 4: Season 1: ""Episode 7""",LSP,NO,"LiveTestPackage, OAD",Live,Active,,7950,1 / AA,1
81691677,2177974,"Episodic Series Show 4: Season 1: ""Episodic Series Show 4: Season 1: Episode 1 - Apr 14, 2023 6:24:49 PM""",,,LiveTestPackage,Live,Active,,7950,1 / AA,1
81699040,2191837,"Episodic VOD Show 1: Season 12: ""Episode 3""",LSP,NO,"LiveTestPackage, OAD",Live,Active,,7950,1 / AA,1
81683268,2173972,"Episodic VOD Show 1: Season 5: ""Episode 3""",,,LiveTestPackage,Live,Active,,7950,1 / AA,1
81689955,2174837,"Episodic VOD Show 1: Season 6: ""Episode 3""",,,LiveTestPackage,Live,Active,,7950,1 / AA,1
81685712,2274874,"Episodic VOD Show 2: Season 5: ""Episode 3""",,,LiveTestPackage,Live,Active,,7950,1 / AA,1
81685712,2274883,"Episodic VOD Show 2: Season 5: ""Episode 3""",,,LiveTestPackage,Live,Active,,7950,1 / AA,1
81699545,2186739,Eyepatch Test Title 5/11/23,,,LiveTestPackage,Live,Active,,7950,1 / AA,1
81918778,2330925,Frankenstein Test1,,,"LiveTestPackage, videoLanguage-fallbackPackage, videoLanguage_en",Live,Active,,7950,1 / AA,1
81918778,2361583,Frankenstein Test1,,,"LiveTestPackage, videoLanguage_es-ES",Live,Active,,7950,1 / AA,1
81918781,2330926,Frankenstein Test2,,,LiveTestPackage,Live,Active,,7950,1 / AA,1
70230759,2198551,"Galinha Pintadinha e sua Turma: Season 2: ""Volume 2""",,,[],Live,Active,,5467,1 / BR,1
81953682,2381164,Game 1: Chargers @ Falcons on CBS,,,[],Live,Active,,7950,1 / AA,1
81953681,2381176,Game 1: Eagles @ Bengals on CBS,,,[],Live,Active,,7950,1 / AA,1
81953680,2381178,Game 2: Bears @ Commanders on CBS,,,[],Live,Active,,7950,1 / AA,1
81953683,2381173,Game 2: Eagles @ Ravens on CBS,,,[],Live,Active,,7950,1 / AA,1
81918779,2330928,LBT Test Title,,,LiveTestPackage,Live,Active,,7950,1 / AA,1
81925769,2345986,Live Day ET Test Title 1,,NO,LiveTestPackage,Live,Active,YES,7950,1 / AA,0
81925767,2345981,Live Day ET Test Title 2,,NO,LiveTestPackage,Live,Active,YES,7950,1 / AA,0
81654979,2141860,Live Event Test Standalone Post-Live 7,,,"LiveTestPackage, NonSponsored",Live,Active,,7950,1 / AA,1
81654979,2372668,Live Event Test Standalone Post-Live 7,,,"LiveTestPackage, Sponsored",Live,Active,,7950,1 / AA,1
81654964,2211825,Live Event Test Standalone Pre-Live 2,,,LiveTestPackage,Live,Active,,7950,1 / AA,1
81654972,2151592,Live Event Test Standalone Repeating Live,LSP/24x7,NO,"LiveTestPackage, OAD",Live,Active,,7950,1 / AA,1
81654976,2140228,Live Event Test Standalone Thank You Slate,,,LiveTestPackage,Live,Active,,7950,1 / AA,1
81659770,2140229,Live Event Test Standalone Waiting Room,LSP/24x7,NO,LiveTestPackage,Live,Active,,7950,1 / AA,1
81957163,2385241,"Live from the Other Side with Tyler Henry: Season 1: ""Episode 10: Kinship""",,NO,"Global, Live",Live,Active,NO,49351,"245 / AD, AE, AF, AG, AI, AL, AM, AO, AQ, AR, AS, AT, AU, AW, AZ, BA, BB, BD, BE, BF, BG, BH, BI, BJ, BL, BM, BN, BO, BQ, BR, BS, BT, BW, BY, BZ, CA, CC, CD, CF, CG, CH, CI, CK, CL, CM, CN, CO, CR, CU, CV, CW, CX, CY, CZ, DE, DJ, DK, DM, DO, DZ, EC, EE, EG, EH, ER, ES, ET, FI, FJ, FK, FM, FO, FR, GA, GB, GD, GE, GF, GG, GH, GI, GL, GM, GN, GP, GQ, GR, GS, GT, GU, GW, GY, HK, HM, HN, HR, HT, HU, ID, IE, IL, IM, IN, IO, IQ, IR, IS, IT, JE, JM, JO, JP, KE, KG, KH, KI, KM, KN, KP, KR, KW, KY, KZ, LA, LB, LC, LI, LK, LR, LS, LT, LU, LV, LY, MA, MC, MD, ME, MF, MG, MH, MK, ML, MM, MN, MO, MP, MQ, MR, MS, MT, MU, MV, MW, MX, MY, MZ, NA, NC, NE, NF, NG, NI, NL, NO, NP, NR, NU, NZ, OM, PA, PE, PF, PG, PH, PK, PL, PM, PN, PR, PS, PT, PW, PY, QA, RE, RO, RS, RU, RW, SA, SB, SC, SD, SE, SG, SH, SI, SK, SL, SM, SN, SO, SR, SS, ST, SV, SX, SY, SZ, TC, TD, TG, TH, TJ, TK, TL, TM, TN, TO, TR, TT, TV, TW, TZ, UA, UG, UM, US, UY, UZ, VA, VC, VE, VG, VI, VN, VU, WF, WS, YE, YT, ZA, ZM, ZW",1
81957163,2407784,"Live from the Other Side with Tyler Henry: Season 1: ""Episode 10: Kinship""",,NO,AA,Live,Active,NO,"7950, 49351",1 / AA,1
81957164,2385243,"Live from the Other Side with Tyler Henry: Season 1: ""Episode 11:  Truth""",,NO,Live,Live,Active,NO,49351,"245 / AD, AE, AF, AG, AI, AL, AM, AO, AQ, AR, AS, AT, AU, AW, AZ, BA, BB, BD, BE, BF, BG, BH, BI, BJ, BL, BM, BN, BO, BQ, BR, BS, BT, BW, BY, BZ, CA, CC, CD, CF, CG, CH, CI, CK, CL, CM, CN, CO, CR, CU, CV, CW, CX, CY, CZ, DE, DJ, DK, DM, DO, DZ, EC, EE, EG, EH, ER, ES, ET, FI, FJ, FK, FM, FO, FR, GA, GB, GD, GE, GF, GG, GH, GI, GL, GM, GN, GP, GQ, GR, GS, GT, GU, GW, GY, HK, HM, HN, HR, HT, HU, ID, IE, IL, IM, IN, IO, IQ, IR, IS, IT, JE, JM, JO, JP, KE, KG, KH, KI, KM, KN, KP, KR, KW, KY, KZ, LA, LB, LC, LI, LK, LR, LS, LT, LU, LV, LY, MA, MC, MD, ME, MF, MG, MH, MK, ML, MM, MN, MO, MP, MQ, MR, MS, MT, MU, MV, MW, MX, MY, MZ, NA, NC, NE, NF, NG, NI, NL, NO, NP, NR, NU, NZ, OM, PA, PE, PF, PG, PH, PK, PL, PM, PN, PR, PS, PT, PW, PY, QA, RE, RO, RS, RU, RW, SA, SB, SC, SD, SE, SG, SH, SI, SK, SL, SM, SN, SO, SR, SS, ST, SV, SX, SY, SZ, TC, TD, TG, TH, TJ, TK, TL, TM, TN, TO, TR, TT, TV, TW, TZ, UA, UG, UM, US, UY, UZ, VA, VC, VE, VG, VI, VN, VU, WF, WS, YE, YT, ZA, ZM, ZW",1
81957162,2385246,"Live from the Other Side with Tyler Henry: Season 1: ""Episode 9: Validation""",,NO,Live,Live,Active,NO,49351,"245 / AD, AE, AF, AG, AI, AL, AM, AO, AQ, AR, AS, AT, AU, AW, AZ, BA, BB, BD, BE, BF, BG, BH, BI, BJ, BL, BM, BN, BO, BQ, BR, BS, BT, BW, BY, BZ, CA, CC, CD, CF, CG, CH, CI, CK, CL, CM, CN, CO, CR, CU, CV, CW, CX, CY, CZ, DE, DJ, DK, DM, DO, DZ, EC, EE, EG, EH, ER, ES, ET, FI, FJ, FK, FM, FO, FR, GA, GB, GD, GE, GF, GG, GH, GI, GL, GM, GN, GP, GQ, GR, GS, GT, GU, GW, GY, HK, HM, HN, HR, HT, HU, ID, IE, IL, IM, IN, IO, IQ, IR, IS, IT, JE, JM, JO, JP, KE, KG, KH, KI, KM, KN, KP, KR, KW, KY, KZ, LA, LB, LC, LI, LK, LR, LS, LT, LU, LV, LY, MA, MC, MD, ME, MF, MG, MH, MK, ML, MM, MN, MO, MP, MQ, MR, MS, MT, MU, MV, MW, MX, MY, MZ, NA, NC, NE, NF, NG, NI, NL, NO, NP, NR, NU, NZ, OM, PA, PE, PF, PG, PH, PK, PL, PM, PN, PR, PS, PT, PW, PY, QA, RE, RO, RS, RU, RW, SA, SB, SC, SD, SE, SG, SH, SI, SK, SL, SM, SN, SO, SR, SS, ST, SV, SX, SY, SZ, TC, TD, TG, TH, TJ, TK, TL, TM, TN, TO, TR, TT, TV, TW, TZ, UA, UG, UM, US, UY, UZ, VA, VC, VE, VG, VI, VN, VU, WF, WS, YE, YT, ZA, ZM, ZW",1
81952709,2381229,Live Load Testing Test Title,,,LiveTestPackage,Live,Active,,7950,1 / AA,1
81730554,2228358,"Live Postplay Test Show: Live Postplay Test Show: Season 1: ""Live Postplay Test Show: Season 1: Episode 2""",,,LiveTestPackage,Live,Active,,7950,1 / AA,1
81730555,2228359,"Live Postplay Test Show: Live Postplay Test Show: Season 1: ""Live Postplay Test Show: Season 1: Episode 3""",,,LiveTestPackage,Live,Active,,7950,1 / AA,1
81952696,2379096,Live Streaming 1: Full Stream for Replay Service,LSP,NO,LiveTestPackage,Live,Active,NO,7950,1 / AA,1
81665471,2142868,Live Streaming 10: AVC for Replay Service,LSP,NO,LiveTestPackage,Live,Active,NO,7950,1 / AA,1
81952705,2379124,Live Streaming 10: Full Stream for Replay Service,LSP,NO,LiveTestPackage,Live,Active,NO,7950,1 / AA,1
81665476,2142869,Live Streaming 11: AVC for Replay Service,LSP,NO,LiveTestPackage,Live,Active,NO,7950,1 / AA,1
81665478,2142870,Live Streaming 12: AVC for Replay Service,LSP,NO,LiveTestPackage,Live,Active,NO,7950,1 / AA,1
81673070,2154738,Live Streaming 13: Full Stream for Replay Service,LSP,NO,LiveTestPackage,Live,Active,NO,7950,1 / AA,1
81673072,2154739,Live Streaming 14: Full Stream for Replay Service,LSP,NO,LiveTestPackage,Live,Active,NO,7950,1 / AA,1
81673073,2154740,Live Streaming 15: Full Stream for Replay Service,LSP,NO,LiveTestPackage,Live,Active,NO,7950,1 / AA,1
81673074,2154741,Live Streaming 16: Full Stream for Replay Service,LSP,NO,LiveTestPackage,Live,Active,NO,7950,1 / AA,1
81673075,2154742,Live Streaming 17: Full Stream for Replay Service,LSP,NO,LiveTestPackage,Live,Active,NO,7950,1 / AA,1
81673076,2154743,Live Streaming 18: Full Stream for Replay Service,LSP,NO,LiveTestPackage,Live,Active,NO,7950,1 / AA,1
81673077,2154744,Live Streaming 19: Full Stream for Replay Service,LSP,NO,LiveTestPackage,Live,Active,NO,7950,1 / AA,1
81659705,2135697,Live Streaming 2: AVC for Replay Service,LSP,NO,LiveTestPackage,Live,Active,NO,7950,1 / AA,1
81952697,2381236,Live Streaming 2: Full Stream for Replay Service,LSP,NO,LiveTestPackage,Live,Active,NO,7950,1 / AA,1
81673078,2154745,Live Streaming 20: Full Stream for Replay Service,LSP,NO,LiveTestPackage,Live,Active,NO,7950,1 / AA,1
81673079,2154746,Live Streaming 21: Full Stream for Replay Service,LSP,NO,LiveTestPackage,Live,Active,NO,7950,1 / AA,1
81673080,2154747,Live Streaming 22: Full Stream for Replay Service,LSP,NO,LiveTestPackage,Live,Active,NO,7950,1 / AA,1
81673081,2154748,Live Streaming 23: Full Stream for Replay Service,LSP,NO,LiveTestPackage,Live,Active,NO,7950,1 / AA,1
81673082,2154749,Live Streaming 24: Full Stream for Replay Service,LSP,NO,LiveTestPackage,Live,Active,NO,7950,1 / AA,1
81673083,2154750,Live Streaming 25: Full Stream for Replay Service,LSP,NO,LiveTestPackage,Live,Active,NO,7950,1 / AA,1
81673084,2154751,Live Streaming 26: Full Stream for Replay Service,LSP,NO,LiveTestPackage,Live,Active,NO,7950,1 / AA,1
81673085,2154752,Live Streaming 27: Full Stream for Replay Service,LSP,NO,LiveTestPackage,Live,Active,NO,7950,1 / AA,1
81673086,2154753,Live Streaming 28: Full Stream for Replay Service,LSP,NO,LiveTestPackage,Live,Active,NO,7950,1 / AA,1
81673087,2154754,Live Streaming 29: Full Stream for Replay Service,LSP,NO,LiveTestPackage,Live,Active,NO,7950,1 / AA,1
81659707,2135698,Live Streaming 3: AVC for Replay Service,LSP,NO,LiveTestPackage,Live,Active,NO,7950,1 / AA,1
81952698,2379126,Live Streaming 3: Full Stream for Replay Service,LSP,NO,LiveTestPackage,Live,Active,NO,7950,1 / AA,1
81673088,2154755,Live Streaming 30: Full Stream for Replay Service,LSP,NO,LiveTestPackage,Live,Active,NO,7950,1 / AA,1
81673089,2154756,Live Streaming 31: Full Stream for Replay Service,LSP,NO,LiveTestPackage,Live,Active,NO,7950,1 / AA,1
81673090,2154757,Live Streaming 32: Full Stream for Replay Service,LSP,NO,LiveTestPackage,Live,Active,NO,7950,1 / AA,1
81673091,2154758,Live Streaming 33: Full Stream for Replay Service,LSP,NO,LiveTestPackage,Live,Active,NO,7950,1 / AA,1
81673092,2154759,Live Streaming 34: Full Stream for Replay Service,LSP,NO,LiveTestPackage,Live,Active,NO,7950,1 / AA,1
81673093,2154770,Live Streaming 35: Full Stream for Replay Service,LSP,NO,LiveTestPackage,Live,Active,NO,7950,1 / AA,1
81673094,2154773,Live Streaming 36: Full Stream for Replay Service,LSP,NO,LiveTestPackage,Live,Active,NO,7950,1 / AA,1
81673095,2154771,Live Streaming 37: Full Stream for Replay Service,LSP,NO,LiveTestPackage,Live,Active,NO,7950,1 / AA,1
81673097,2154774,Live Streaming 39: Full Stream for Replay Service,LSP,NO,LiveTestPackage,Live,Active,NO,7950,1 / AA,1
81659709,2135699,Live Streaming 4: AVC for Replay Service,LSP,NO,LiveTestPackage,Live,Active,NO,7950,1 / AA,1
81952699,2381237,Live Streaming 4: Full Stream for Replay Service,LSP,NO,LiveTestPackage,Live,Active,NO,7950,1 / AA,1
81673098,2154775,Live Streaming 40: Full Stream for Replay Service,LSP,NO,LiveTestPackage,Live,Active,NO,7950,1 / AA,1
81673099,2154776,Live Streaming 41: Full Stream for Replay Service,LSP,NO,LiveTestPackage,Live,Active,NO,7950,1 / AA,1
81673100,2154777,Live Streaming 42: Full Stream for Replay Service,LSP,NO,LiveTestPackage,Live,Active,NO,7950,1 / AA,1
81673101,2154778,Live Streaming 43: Full Stream for Replay Service,LSP,NO,LiveTestPackage,Live,Active,NO,7950,1 / AA,1
81673102,2154780,Live Streaming 44: Full Stream for Replay Service,LSP,NO,LiveTestPackage,Live,Active,NO,7950,1 / AA,1
81673103,2154781,Live Streaming 45: Full Stream for Replay Service,LSP,NO,LiveTestPackage,Live,Active,NO,7950,1 / AA,1
81673104,2154782,Live Streaming 46: Full Stream for Replay Service,LSP,NO,LiveTestPackage,Live,Active,NO,7950,1 / AA,1
81673105,2154783,Live Streaming 47: Full Stream for Replay Service,LSP,NO,LiveTestPackage,Live,Active,NO,7950,1 / AA,1
81673106,2154784,Live Streaming 48: Full Stream for Replay Service,LSP,NO,LiveTestPackage,Live,Active,NO,7950,1 / AA,1
81673107,2154785,Live Streaming 49: Full Stream for Replay Service,"LSP, iOS UI",NO,LiveTestPackage,Live,Active,NO,7950,1 / AA,1
81665443,2142863,Live Streaming 5: AVC for Replay Service,LSP,NO,LiveTestPackage,Live,Active,NO,7950,1 / AA,1
81952700,2379125,Live Streaming 5: Full Stream for Replay Service,LSP,NO,LiveTestPackage,Live,Active,NO,7950,1 / AA,1
81665452,2142864,Live Streaming 6: AVC for Replay Service,LSP,NO,LiveTestPackage,Live,Active,NO,7950,1 / AA,1
81952701,2381232,Live Streaming 6: Full Stream for Replay Service,LSP,NO,LiveTestPackage,Live,Active,NO,7950,1 / AA,1
81665454,2142865,Live Streaming 7: AVC for Replay Service,LSP,NO,LiveTestPackage,Live,Active,NO,7950,1 / AA,1
81952702,2381230,Live Streaming 7: Full Stream for Replay Service,LSP,NO,LiveTestPackage,Live,Active,NO,7950,1 / AA,1
81665458,2142866,Live Streaming 8: AVC for Replay Service,LSP,NO,LiveTestPackage,Live,Active,NO,7950,1 / AA,1
81952703,2381231,Live Streaming 8: Full Stream for Replay Service,LSP,NO,LiveTestPackage,Live,Active,NO,7950,1 / AA,1
81665461,2142867,Live Streaming 9: AVC for Replay Service,LSP,NO,LiveTestPackage,Live,Active,NO,7950,1 / AA,1
81952704,2379152,Live Streaming 9: Full Stream for Replay Service,LSP,NO,LiveTestPackage,Live,Active,NO,7950,1 / AA,1
81665127,2155708,Live Streaming OAD Test Title 18,"LSP, iOS UI",NO,LiveTestPackage,Live,Active,,7950,"2 / AA, US",1
81676635,2254166,Live Streaming OAD Test Title 40,LSP,NO,LiveTestPackage,Live,Active,,7950,1 / AA,1
81657957,2231027,"Live Streaming Test Show - Waiting Room: Season 1: ""Episode 3""","LSP, iOS UI",NO,LiveTestPackage,Live,Active,,7950,1 / AA,1
81672709,2152972,"Live Streaming Test Show 13: Season 1: ""Episode 1 - Always Live""","LSP, iOS UI",NO,LiveTestPackage,Live,Active,,7950,1 / AA,1
81658397,2154405,"Live Streaming Test Show 6: Season 1: ""Episode 3""","LSP, iOS UI",NO,LiveTestPackage,Live,Active,,7950,1 / AA,1
81658427,2154061,"Live Streaming Test Show 7: Season 1: ""Episode 3""",LSP,NO,LiveTestPackage,Live,Active,,7950,1 / AA,1
81658631,2219686,"Live Streaming Test Show 8: Season 1: ""Episode 3""",LSP,NO,LiveTestPackage,Live,Active,,7950,1 / AA,1
81657456,2231029,"Live Streaming Test Show DVR: Season 1: ""Episode 3""","LSP, iOS UI",NO,LiveTestPackage,Live,Active,,7950,1 / AA,1
81671371,2150869,Live Streaming Test Standalone 24x7 Stream,LSP,NO,LiveTestPackage,Live,Active,,7950,1 / AA,1
81651234,2124778,Live Streaming: AVC for Replay Service,LSP,NO,LiveTestPackage,Live,Active,,8327,1 / AA,1
81760308,2272816,LSP Live Test Title 1,LSP,NO,LiveTestPackage,Live,Active,,7950,1 / AA,1
81775216,2291307,LSP Live Test Title 10,LSP,NO,LiveTestPackage,Live,Active,,7950,1 / AA,1
81901318,2317815,LSP Live Test Title 11,LSP,NO,"LiveTestPackage, OAD",Live,Active,,7950,1 / AA,1
81901313,2318104,LSP Live Test Title 12,LSP,NO,LiveTestPackage,Live,Active,,7950,1 / AA,1
81901311,2318109,LSP Live Test Title 13,LSP,NO,LiveTestPackage,Live,Active,,7950,1 / AA,1
81901314,2318108,LSP Live Test Title 14,LSP,NO,LiveTestPackage,Live,Active,,7950,1 / AA,1
81901315,2318110,LSP Live Test Title 15,LSP,NO,LiveTestPackage,Live,Active,,7950,1 / AA,1
81901315,2349836,LSP Live Test Title 15,LSP,NO,"LiveTestPackage, QVBR",Live,Active,,7950,1 / AA,1
81901309,2318106,LSP Live Test Title 16,LSP,NO,LiveTestPackage,Live,Active,,7950,1 / AA,1
81901312,2318112,LSP Live Test Title 17,LSP,NO,LiveTestPackage,Live,Active,,7950,1 / AA,1
81901317,2318105,LSP Live Test Title 18,LSP,NO,LiveTestPackage,Live,Active,,7950,1 / AA,1
81901310,2318107,LSP Live Test Title 19,LSP,NO,LiveTestPackage,Live,Active,,7950,1 / AA,1
81760309,2274944,LSP Live Test Title 2,iOS UI,NO,LiveTestPackage,Live,Active,,7950,1 / AA,1
81901316,2318111,LSP Live Test Title 20,LSP,NO,"LiveTestPackage, OAD",Live,Active,,7950,1 / AA,1
81936453,2357782,LSP Live Test Title 21,LSP,NO,LiveTestPackage,Live,Active,,7950,1 / AA,1
81936452,2357798,LSP Live Test Title 22,LSP/VA,NO,LiveTestPackage,Live,Active,,7950,1 / AA,1
81936457,2357805,LSP Live Test Title 23,LSP/OC,NO,"LiveTestPackage, DVR",Live,Active,,7950,1 / AA,1
81936454,2357806,LSP Live Test Title 24,LSP,NO,LiveTestPackage,Live,Active,,7950,1 / AA,1
81936459,2357808,LSP Live Test Title 25,LSP,NO,LiveTestPackage,Live,Active,,7950,1 / AA,1
81936455,2357803,LSP Live Test Title 26,iOS UI,NO,"LiveTestPackage, OAD",Live,Active,,7950,"2 / AA, US",1
81936451,2357807,LSP Live Test Title 27,LSP,NO,LiveTestPackage,Live,Active,,7950,1 / AA,1
81936460,2357780,LSP Live Test Title 28,ET,NO,LiveTestPackage,Live,Active,,7950,1 / AA,1
81936456,2357809,LSP Live Test Title 29,LSP,NO,LiveTestPackage,Live,Active,,7950,1 / AA,1
81760310,2290030,LSP Live Test Title 3,LSP,NO,LiveTestPackage,Live,Active,,7950,1 / AA,1
81936458,2357790,LSP Live Test Title 30,LSP,NO,LiveTestPackage,Live,Active,,7950,1 / AA,1
81953700,2381261,LSP Live Test Title 31,LSP,NO,LiveTestPackage,Live,Active,,7950,1 / AA,1
81953706,2381208,LSP Live Test Title 32,LSP,NO,LiveTestPackage,Live,Active,,7950,1 / AA,1
81953704,2381256,LSP Live Test Title 33,LSP,NO,[],Live,Active,,7950,1 / AA,1
81953701,2381253,LSP Live Test Title 34,LSP,NO,LiveTestPackage,Live,Active,,7950,1 / AA,1
81953711,2381254,LSP Live Test Title 35,LSP,NO,LiveTestPackage,Live,Active,,7950,1 / AA,1
81953699,2381262,LSP Live Test Title 36,LSP,NO,LiveTestPackage,Live,Active,,7950,1 / AA,1
81953716,2381260,LSP Live Test Title 37,LSP,NO,LiveTestPackage,Live,Active,,7950,1 / AA,1
81953702,2381258,LSP Live Test Title 38,LSP,NO,LiveTestPackage,Live,Active,,7950,1 / AA,1
81953705,2381265,LSP Live Test Title 39,LSP,NO,LiveTestPackage,Live,Active,,7950,1 / AA,1
81760311,2284218,LSP Live Test Title 4,LSP/OC,NO,"LiveTestPackage, DVR",Live,Active,,7950,1 / AA,1
81953710,2381263,LSP Live Test Title 40,LSP,NO,"LiveTestPackage, Sponsored, US",Live,Active,,7950,"2 / AA, US",1
81953710,2385803,LSP Live Test Title 40,LSP,NO,"EncoderFallbackPackage, LiveTestPackage, Sponsored, US",Live,Active,,7950,"2 / AA, US",1
81953710,2385807,LSP Live Test Title 40,LSP,NO,"EncoderFallbackPackage, LiveTestPackage, NonSponsored, ROW",Live,Active,,7950,"245 / AA, AD, AE, AF, AG, AI, AL, AM, AO, AQ, AR, AS, AT, AU, AW, AZ, BA, BB, BD, BE, BF, BG, BH, BI, BJ, BL, BM, BN, BO, BQ, BR, BS, BT, BW, BY, BZ, CA, CC, CD, CF, CG, CH, CI, CK, CL, CM, CN, CO, CR, CU, CV, CW, CX, CY, CZ, DE, DJ, DK, DM, DO, DZ, EC, EE, EG, EH, ER, ES, ET, FI, FJ, FK, FM, FO, FR, GA, GB, GD, GE, GF, GG, GH, GI, GL, GM, GN, GP, GQ, GR, GS, GT, GU, GW, GY, HK, HM, HN, HR, HT, HU, ID, IE, IL, IM, IN, IO, IQ, IR, IS, IT, JE, JM, JO, JP, KE, KG, KH, KI, KM, KN, KP, KR, KW, KY, KZ, LA, LB, LC, LI, LK, LR, LS, LT, LU, LV, LY, MA, MC, MD, ME, MF, MG, MH, MK, ML, MM, MN, MO, MP, MQ, MR, MS, MT, MU, MV, MW, MX, MY, MZ, NA, NC, NE, NF, NG, NI, NL, NO, NP, NR, NU, NZ, OM, PA, PE, PF, PG, PH, PK, PL, PM, PN, PR, PS, PT, PW, PY, QA, RE, RO, RS, RU, RW, SA, SB, SC, SD, SE, SG, SH, SI, SK, SL, SM, SN, SO, SR, SS, ST, SV, SX, SY, SZ, TC, TD, TG, TH, TJ, TK, TL, TM, TN, TO, TR, TT, TV, TW, TZ, UA, UG, UM, UY, UZ, VA, VC, VE, VG, VI, VN, VU, WF, WS, YE, YT, ZA, ZM, ZW",1
81953710,2385808,LSP Live Test Title 40,LSP,NO,"LiveTestPackage, NonSponsored, ROW",Live,Active,,7950,"245 / AA, AD, AE, AF, AG, AI, AL, AM, AO, AQ, AR, AS, AT, AU, AW, AZ, BA, BB, BD, BE, BF, BG, BH, BI, BJ, BL, BM, BN, BO, BQ, BR, BS, BT, BW, BY, BZ, CA, CC, CD, CF, CG, CH, CI, CK, CL, CM, CN, CO, CR, CU, CV, CW, CX, CY, CZ, DE, DJ, DK, DM, DO, DZ, EC, EE, EG, EH, ER, ES, ET, FI, FJ, FK, FM, FO, FR, GA, GB, GD, GE, GF, GG, GH, GI, GL, GM, GN, GP, GQ, GR, GS, GT, GU, GW, GY, HK, HM, HN, HR, HT, HU, ID, IE, IL, IM, IN, IO, IQ, IR, IS, IT, JE, JM, JO, JP, KE, KG, KH, KI, KM, KN, KP, KR, KW, KY, KZ, LA, LB, LC, LI, LK, LR, LS, LT, LU, LV, LY, MA, MC, MD, ME, MF, MG, MH, MK, ML, MM, MN, MO, MP, MQ, MR, MS, MT, MU, MV, MW, MX, MY, MZ, NA, NC, NE, NF, NG, NI, NL, NO, NP, NR, NU, NZ, OM, PA, PE, PF, PG, PH, PK, PL, PM, PN, PR, PS, PT, PW, PY, QA, RE, RO, RS, RU, RW, SA, SB, SC, SD, SE, SG, SH, SI, SK, SL, SM, SN, SO, SR, SS, ST, SV, SX, SY, SZ, TC, TD, TG, TH, TJ, TK, TL, TM, TN, TO, TR, TT, TV, TW, TZ, UA, UG, UM, UY, UZ, VA, VC, VE, VG, VI, VN, VU, WF, WS, YE, YT, ZA, ZM, ZW",1
81953718,2381255,LSP Live Test Title 41,LSP,NO,LiveTestPackage,Live,Active,,7950,1 / AA,1
81953718,2385804,LSP Live Test Title 41,LSP,NO,"EncoderFallbackPackage, LiveTestPackage, NonSponsored, ROW",Live,Active,,7950,1 / AA,1
81953709,2381193,LSP Live Test Title 42,LSP/Client,NO,"LiveTestPackage, DVR",Live,Active,,7950,1 / AA,1
81953712,2381259,LSP Live Test Title 43,ET,NO,LiveTestPackage,Live,Active,,7950,1 / AA,1
81953713,2381192,LSP Live Test Title 44,ET,NO,LiveTestPackage,Live,Active,,7950,1 / AA,1
81953717,2381238,LSP Live Test Title 45,LSP,NO,LiveTestPackage,Live,Active,,7950,1 / AA,1
81953715,2381191,LSP Live Test Title 46,LSP,NO,LiveTestPackage,Live,Active,,7950,1 / AA,1
81953703,2381264,LSP Live Test Title 47,LSP,NO,LiveTestPackage,Live,Active,,7950,1 / AA,1
81953714,2381257,LSP Live Test Title 48,LSP,NO,LiveTestPackage,Live,Active,,7950,1 / AA,1
81953708,2381219,LSP Live Test Title 49,LSP,NO,LiveTestPackage,Live,Active,,7950,1 / AA,1
81760312,2269336,LSP Live Test Title 5,LSP,NO,LiveTestPackage,Live,Active,,7950,1 / AA,1
81953707,2381242,LSP Live Test Title 50,LSP,NO,LiveTestPackage,Live,Active,,7950,1 / AA,1
81763773,2272015,LSP Live Test Title 6,LSP,NO,LiveTestPackage,Live,Active,,7950,1 / AA,1
81775217,2308127,LSP Live Test Title 6v2,LSP,NO,LiveTestPackage,Live,Active,,7950,1 / AA,1
81775218,2306899,LSP Live Test Title 7,LSP,NO,LiveTestPackage,Live,Active,,7950,1 / AA,1
81775219,2291121,LSP Live Test Title 8,LSP,NO,"LiveTestPackage, Sponsored",Live,Active,,7950,1 / AA,1
81775219,2302305,LSP Live Test Title 8,LSP,NO,"LiveTestPackage, NonSponsored",Live,Active,,7950,1 / AA,1
81775220,2304065,LSP Live Test Title 9,LSP,NO,LiveTestPackage,Live,Active,,7950,1 / AA,1
81929264,2351762,LSP Live with Ads Test Title 1,LSP,NO,LiveTestPackage,Live,Active,,7950,1 / AA,1
81943741,2367763,LSP: NFL Postplay Set 10 Game 1,LSP,NO,LiveTestPackage,Live,Active,NO,7950,1 / AA,1
81943742,2367779,LSP: NFL Postplay Set 10 Game 2,LSP,NO,LiveTestPackage,Live,Active,NO,7950,1 / AA,1
81925770,2345996,LSP: NFL Postplay Set 11 Game 1,LSP,NO,LiveTestPackage,Live,Active,NO,7950,1 / AA,1
81918780,2330927,LSP: NFL Postplay Set 11 Game 2,LSP,NO,LiveTestPackage,Live,Active,NO,7950,1 / AA,1
81918776,2330924,LSP: NFL Postplay Set 12 Game 1,LSP,NO,LiveTestPackage,Live,Active,NO,7950,1 / AA,1
81929262,2351919,LSP: NFL Postplay Set 12 Game 2,LSP,NO,LiveTestPackage,Live,Active,NO,7950,1 / AA,1
81929263,2351856,LSP: NFL Postplay Set 13 Game 1,LSP,NO,LiveTestPackage,Live,Active,NO,7950,1 / AA,1
81929265,2351760,LSP: NFL Postplay Set 13 Game 2,LSP,NO,LiveTestPackage,Live,Active,NO,7950,1 / AA,1
81952692,2379153,LSP: NFL Postplay Set 14 Game 1,LSP,NO,LiveTestPackage,Live,Active,NO,7950,1 / AA,1
81952693,2379129,LSP: NFL Postplay Set 14 Game 2,LSP,NO,LiveTestPackage,Live,Active,NO,7950,1 / AA,1
81952694,2379146,LSP: NFL Postplay Set 15 Game 1,LSP,NO,LiveTestPackage,Live,Active,NO,7950,1 / AA,1
81952695,2379093,LSP: NFL Postplay Set 15 Game 2,LSP,NO,LiveTestPackage,Live,Active,NO,7950,1 / AA,1
81943733,2367759,LSP: NFL Postplay Set 6 Game 1,LSP,NO,LiveTestPackage,Live,Active,NO,7950,1 / AA,1
81943734,2367771,LSP: NFL Postplay Set 6 Game 2,LSP,NO,LiveTestPackage,Live,Active,NO,7950,1 / AA,1
81943735,2367776,LSP: NFL Postplay Set 7 Game 1,LSP,NO,LiveTestPackage,Live,Active,NO,7950,1 / AA,1
81943736,2367758,LSP: NFL Postplay Set 7 Game 2,LSP,NO,LiveTestPackage,Live,Active,NO,7950,1 / AA,1
81943737,2367769,LSP: NFL Postplay Set 8 Game 1,LSP,NO,LiveTestPackage,Live,Active,NO,7950,1 / AA,1
81943738,2367780,LSP: NFL Postplay Set 8 Game 2,LSP,NO,LiveTestPackage,Live,Active,NO,7950,1 / AA,1
81943739,2367773,LSP: NFL Postplay Set 9 Game 1,LSP,NO,LiveTestPackage,Live,Active,NO,7950,1 / AA,1
81943740,2367781,LSP: NFL Postplay Set 9 Game 2,LSP,NO,LiveTestPackage,Live,Active,NO,7950,1 / AA,1
81764352,2272948,Multi-Live Package Test Title,,,LiveTestPackage,Live,Active,,7950,"2 / AA, US",1
81929276,2351765,NFL Expired Title,Discovery,YES,LiveTestPackage,Live,Active,,7950,1 / AA,0
81929274,2351768,NFL Replay Set 1 Game 1,LSP,NO,LiveTestPackage,Live,Active,NO,7950,1 / AA,1
81929266,2351804,NFL Replay Set 1 Game 2,LSP,NO,LiveTestPackage,Live,Active,NO,7950,1 / AA,1
81929267,2351799,NFL Replay Set 2 Game 1,LSP,NO,LiveTestPackage,Live,Active,NO,7950,1 / AA,1
81929272,2351808,NFL Replay Set 2 Game 2,LSP,NO,LiveTestPackage,Live,Active,NO,7950,1 / AA,1
81929275,2351806,NFL Replay Set 3 Game 1,LSP,NO,LiveTestPackage,Live,Active,NO,7950,1 / AA,1
81929271,2351861,NFL Replay Set 3 Game 2,LSP,NO,LiveTestPackage,Live,Active,NO,7950,1 / AA,1
81929270,2351754,NFL Replay Set 4 Game 1,LSP,NO,LiveTestPackage,Live,Active,NO,7950,1 / AA,1
81929269,2351858,NFL Replay Set 4 Game 2,LSP,NO,LiveTestPackage,Live,Active,NO,7950,1 / AA,1
81929268,2351918,NFL Replay Set 5 Game 1,LSP,NO,LiveTestPackage,Live,Active,NO,7950,1 / AA,1
81929273,2351860,NFL Replay Set 5 Game 2,LSP,NO,LiveTestPackage,Live,Active,NO,7950,1 / AA,1
81683246,2400210,OAD Test Standalone 47,,,LiveTestPackage,Live,Active,,7950,1 / AA,1
81692404,2178619,OAD Test Standalone 48,,,LiveTestPackage,Live,Active,,7950,1 / AA,1
81692788,2182391,OAD Test Standalone 49,,,LiveTestPackage,Live,Active,,7950,1 / AA,1
81699031,2192131,OAD Test Standalone 53,,,LiveTestPackage,Live,Active,,7950,1 / AA,1
81766151,2276885,OC Integration Test Title 1,,,LiveTestPackage,Live,Active,,7950,1 / AA,1
81692729,2182381,OC Test 1,,,LiveTestPackage,Live,Active,,7950,1 / AA,1
81692731,2182383,OC Test 2,,,LiveTestPackage,Live,Active,,7950,1 / AA,1
81692733,2182382,OC Test 3,,,LiveTestPackage,Live,Active,,7950,1 / AA,1
81701599,2191304,Playapi Test Standalone,,,LiveTestPackage,Live,Active,,7950,1 / AA,1
81953688,2381180,Ravens @ Chargers,,,[],Live,Active,,7950,1 / AA,1
81923779,2385174,Season 1 Clip: Live From The Other Side with Tyler Henry,,,[],Live,Active,,"7950, 49351","246 / AA, AD, AE, AF, AG, AI, AL, AM, AO, AQ, AR, AS, AT, AU, AW, AZ, BA, BB, BD, BE, BF, BG, BH, BI, BJ, BL, BM, BN, BO, BQ, BR, BS, BT, BW, BY, BZ, CA, CC, CD, CF, CG, CH, CI, CK, CL, CM, CN, CO, CR, CU, CV, CW, CX, CY, CZ, DE, DJ, DK, DM, DO, DZ, EC, EE, EG, EH, ER, ES, ET, FI, FJ, FK, FM, FO, FR, GA, GB, GD, GE, GF, GG, GH, GI, GL, GM, GN, GP, GQ, GR, GS, GT, GU, GW, GY, HK, HM, HN, HR, HT, HU, ID, IE, IL, IM, IN, IO, IQ, IR, IS, IT, JE, JM, JO, JP, KE, KG, KH, KI, KM, KN, KP, KR, KW, KY, KZ, LA, LB, LC, LI, LK, LR, LS, LT, LU, LV, LY, MA, MC, MD, ME, MF, MG, MH, MK, ML, MM, MN, MO, MP, MQ, MR, MS, MT, MU, MV, MW, MX, MY, MZ, NA, NC, NE, NF, NG, NI, NL, NO, NP, NR, NU, NZ, OM, PA, PE, PF, PG, PH, PK, PL, PM, PN, PR, PS, PT, PW, PY, QA, RE, RO, RS, RU, RW, SA, SB, SC, SD, SE, SG, SH, SI, SK, SL, SM, SN, SO, SR, SS, ST, SV, SX, SY, SZ, TC, TD, TG, TH, TJ, TK, TL, TM, TN, TO, TR, TT, TV, TW, TZ, UA, UG, UM, US, UY, UZ, VA, VC, VE, VG, VI, VN, VU, WF, WS, YE, YT, ZA, ZM, ZW",1
81013919,2209891,Suits: Season 1_hook_primary_16x9,,,[],Live,Active,,"4237, 4592, 4678, 4686, 4690, 4694, 4704, 4706, 4764, 4770, 4826, 4860, 4877, 30332, 35979, 49032","239 / AD, AE, AF, AG, AI, AL, AM, AO, AQ, AR, AS, AT, AU, AW, AZ, BA, BB, BD, BE, BF, BG, BH, BI, BJ, BL, BM, BN, BO, BQ, BR, BS, BT, BW, BY, BZ, CA, CC, CD, CF, CG, CH, CI, CK, CL, CM, CO, CR, CV, CW, CX, CY, CZ, DE, DJ, DK, DM, DO, DZ, EC, EE, EG, EH, ER, ES, ET, FI, FJ, FK, FM, FO, FR, GA, GB, GD, GE, GF, GG, GH, GI, GL, GM, GN, GP, GQ, GR, GS, GT, GU, GW, GY, HK, HM, HN, HR, HT, HU, ID, IE, IL, IM, IN, IO, IQ, IS, IT, JE, JM, JO, JP, KE, KG, KH, KI, KM, KN, KR, KW, KY, KZ, LA, LB, LC, LI, LK, LR, LS, LT, LU, LV, LY, MA, MC, MD, ME, MF, MG, MH, MK, ML, MM, MN, MO, MP, MQ, MR, MS, MT, MU, MV, MW, MX, MY, MZ, NA, NC, NE, NF, NG, NI, NL, NO, NP, NR, NU, NZ, OM, PA, PE, PF, PG, PH, PK, PL, PM, PN, PR, PS, PT, PW, PY, QA, RE, RO, RS, RU, RW, SA, SB, SC, SE, SG, SH, SI, SK, SL, SM, SN, SO, SR, SS, ST, SV, SX, SZ, TC, TD, TG, TH, TJ, TK, TL, TM, TN, TO, TR, TT, TV, TW, TZ, UA, UG, UM, US, UY, UZ, VA, VC, VE, VG, VI, VN, VU, WF, WS, YE, YT, ZA, ZM, ZW",1
81056157,2296029,The Boss Baby_Manualhook_2_16x9,,,[],Live,Active,,"4580, 4690, 30332, 35979, 49032","237 / AD, AE, AF, AG, AI, AL, AM, AO, AR, AS, AT, AU, AW, AZ, BA, BB, BD, BE, BF, BG, BH, BI, BJ, BL, BM, BN, BO, BQ, BR, BS, BT, BW, BY, BZ, CA, CC, CD, CF, CG, CH, CI, CK, CL, CM, CO, CR, CU, CV, CW, CX, CY, CZ, DE, DJ, DK, DM, DO, DZ, EC, EE, EG, EH, ER, ES, ET, FI, FJ, FK, FM, FO, FR, GA, GB, GD, GE, GF, GG, GH, GI, GL, GM, GN, GP, GQ, GR, GS, GT, GU, GW, GY, HK, HM, HN, HR, HT, HU, ID, IE, IL, IM, IN, IO, IQ, IS, IT, JE, JM, JO, JP, KE, KG, KH, KI, KM, KN, KR, KW, KY, KZ, LA, LB, LC, LI, LK, LR, LS, LT, LU, LV, LY, MA, MC, MD, ME, MF, MG, MH, MK, ML, MM, MN, MO, MP, MQ, MR, MS, MT, MU, MV, MW, MX, MY, MZ, NA, NC, NE, NF, NG, NI, NL, NO, NP, NR, NU, NZ, OM, PA, PE, PF, PG, PH, PK, PL, PN, PR, PS, PT, PW, PY, QA, RE, RO, RS, RW, SA, SB, SC, SE, SG, SH, SI, SK, SL, SM, SN, SO, SR, SS, ST, SV, SX, SZ, TC, TD, TG, TH, TJ, TK, TL, TM, TN, TO, TR, TT, TV, TW, TZ, UA, UG, UM, US, UY, UZ, VA, VC, VE, VG, VI, VN, VU, WF, WS, YE, YT, ZA, ZM, ZW",1
81953686,2381179,Vikings @ Rams on Amazon Prime,,,[],Live,Active,,7950,1 / AA,1
81947974,2373577,WWE Ads Holdback Test Title,"PBCS, Ads",YES,"LiveTestPackage, NonSponsored",Live,Active,,7950,"246 / AA, AD, AE, AF, AG, AI, AL, AM, AO, AQ, AR, AS, AT, AU, AW, AZ, BA, BB, BD, BE, BF, BG, BH, BI, BJ, BL, BM, BN, BO, BQ, BR, BS, BT, BW, BY, BZ, CA, CC, CD, CF, CG, CH, CI, CK, CL, CM, CN, CO, CR, CU, CV, CW, CX, CY, CZ, DE, DJ, DK, DM, DO, DZ, EC, EE, EG, EH, ER, ES, ET, FI, FJ, FK, FM, FO, FR, GA, GB, GD, GE, GF, GG, GH, GI, GL, GM, GN, GP, GQ, GR, GS, GT, GU, GW, GY, HK, HM, HN, HR, HT, HU, ID, IE, IL, IM, IN, IO, IQ, IR, IS, IT, JE, JM, JO, JP, KE, KG, KH, KI, KM, KN, KP, KR, KW, KY, KZ, LA, LB, LC, LI, LK, LR, LS, LT, LU, LV, LY, MA, MC, MD, ME, MF, MG, MH, MK, ML, MM, MN, MO, MP, MQ, MR, MS, MT, MU, MV, MW, MX, MY, MZ, NA, NC, NE, NF, NG, NI, NL, NO, NP, NR, NU, NZ, OM, PA, PE, PF, PG, PH, PK, PL, PM, PN, PR, PS, PT, PW, PY, QA, RE, RO, RS, RU, RW, SA, SB, SC, SD, SE, SG, SH, SI, SK, SL, SM, SN, SO, SR, SS, ST, SV, SX, SY, SZ, TC, TD, TG, TH, TJ, TK, TL, TM, TN, TO, TR, TT, TV, TW, TZ, UA, UG, UM, US, UY, UZ, VA, VC, VE, VG, VI, VN, VU, WF, WS, YE, YT, ZA, ZM, ZW",0
81947974,2373589,WWE Ads Holdback Test Title,"PBCS, Ads",YES,"LiveTestPackage, Sponsored",Live,Active,,7950,1 / US,0
81974558,2396395,"WWE Daily Live Episodes Test Title: WWE Daily Live Episodes Test Title: Season 1: ""Episode 1""",,YES,LiveTestPackage,Live,Active,NO,7950,1 / AA,0
81974567,2396397,"WWE Daily Live Episodes Test Title: WWE Daily Live Episodes Test Title: Season 1: ""Episode 10""",,YES,LiveTestPackage,Live,Active,NO,7950,1 / AA,0
81974568,2396391,"WWE Daily Live Episodes Test Title: WWE Daily Live Episodes Test Title: Season 1: ""Episode 11""",,YES,LiveTestPackage,Live,Active,NO,7950,1 / AA,0
81974569,2396372,"WWE Daily Live Episodes Test Title: WWE Daily Live Episodes Test Title: Season 1: ""Episode 12""",,YES,LiveTestPackage,Live,Active,NO,7950,1 / AA,0
81974570,2396387,"WWE Daily Live Episodes Test Title: WWE Daily Live Episodes Test Title: Season 1: ""Episode 13""",,YES,LiveTestPackage,Live,Active,NO,7950,1 / AA,0
81974571,2396376,"WWE Daily Live Episodes Test Title: WWE Daily Live Episodes Test Title: Season 1: ""Episode 14""",,YES,LiveTestPackage,Live,Active,NO,7950,1 / AA,0
81974572,2396386,"WWE Daily Live Episodes Test Title: WWE Daily Live Episodes Test Title: Season 1: ""Episode 15""",,YES,LiveTestPackage,Live,Active,NO,7950,1 / AA,0
81974573,2396371,"WWE Daily Live Episodes Test Title: WWE Daily Live Episodes Test Title: Season 1: ""Episode 16""",,YES,LiveTestPackage,Live,Active,NO,7950,1 / AA,0
81974574,2396394,"WWE Daily Live Episodes Test Title: WWE Daily Live Episodes Test Title: Season 1: ""Episode 17""",,YES,LiveTestPackage,Live,Active,NO,7950,1 / AA,0
81974575,2396381,"WWE Daily Live Episodes Test Title: WWE Daily Live Episodes Test Title: Season 1: ""Episode 18""",,YES,LiveTestPackage,Live,Active,NO,7950,1 / AA,0
81974576,2396370,"WWE Daily Live Episodes Test Title: WWE Daily Live Episodes Test Title: Season 1: ""Episode 19""",,YES,LiveTestPackage,Live,Active,NO,7950,1 / AA,0
81974559,2396392,"WWE Daily Live Episodes Test Title: WWE Daily Live Episodes Test Title: Season 1: ""Episode 2""",,YES,LiveTestPackage,Live,Active,NO,7950,1 / AA,0
81974577,2396375,"WWE Daily Live Episodes Test Title: WWE Daily Live Episodes Test Title: Season 1: ""Episode 20""",,YES,LiveTestPackage,Live,Active,NO,7950,1 / AA,0
81974578,2396373,"WWE Daily Live Episodes Test Title: WWE Daily Live Episodes Test Title: Season 1: ""Episode 21""",,YES,LiveTestPackage,Live,Active,NO,7950,1 / AA,0
81974579,2396379,"WWE Daily Live Episodes Test Title: WWE Daily Live Episodes Test Title: Season 1: ""Episode 22""",,YES,LiveTestPackage,Live,Active,NO,7950,1 / AA,0
81974580,2396383,"WWE Daily Live Episodes Test Title: WWE Daily Live Episodes Test Title: Season 1: ""Episode 23""",,YES,LiveTestPackage,Live,Active,NO,7950,1 / AA,0
81974581,2396380,"WWE Daily Live Episodes Test Title: WWE Daily Live Episodes Test Title: Season 1: ""Episode 24""",,YES,LiveTestPackage,Live,Active,NO,7950,1 / AA,0
81974582,2396378,"WWE Daily Live Episodes Test Title: WWE Daily Live Episodes Test Title: Season 1: ""Episode 25""",,YES,LiveTestPackage,Live,Active,NO,7950,1 / AA,0
81974583,2396377,"WWE Daily Live Episodes Test Title: WWE Daily Live Episodes Test Title: Season 1: ""Episode 26""",,YES,LiveTestPackage,Live,Active,NO,7950,1 / AA,0
81974560,2396374,"WWE Daily Live Episodes Test Title: WWE Daily Live Episodes Test Title: Season 1: ""Episode 3""",,YES,LiveTestPackage,Live,Active,NO,7950,1 / AA,0
81974561,2396389,"WWE Daily Live Episodes Test Title: WWE Daily Live Episodes Test Title: Season 1: ""Episode 4""",,YES,LiveTestPackage,Live,Active,NO,7950,1 / AA,0
81974562,2396385,"WWE Daily Live Episodes Test Title: WWE Daily Live Episodes Test Title: Season 1: ""Episode 5""",,YES,LiveTestPackage,Live,Active,NO,7950,1 / AA,0
81974563,2396382,"WWE Daily Live Episodes Test Title: WWE Daily Live Episodes Test Title: Season 1: ""Episode 6""",,YES,LiveTestPackage,Live,Active,NO,7950,1 / AA,0
81974564,2396390,"WWE Daily Live Episodes Test Title: WWE Daily Live Episodes Test Title: Season 1: ""Episode 7""",,YES,LiveTestPackage,Live,Active,NO,7950,1 / AA,0
81974565,2396393,"WWE Daily Live Episodes Test Title: WWE Daily Live Episodes Test Title: Season 1: ""Episode 8""",,YES,LiveTestPackage,Live,Active,NO,7950,1 / AA,0
81974566,2396388,"WWE Daily Live Episodes Test Title: WWE Daily Live Episodes Test Title: Season 1: ""Episode 9""",,YES,LiveTestPackage,Live,Active,NO,7950,1 / AA,0
81943595,2367737,"WWE Livestream Testing Show: WWE Livestream Testing Show: Season 1 - Sep 9, 2024, 1:54:04 PM: ""December 2, 2024""",,NO,"LiveTestPackage, Sponsored",Live,Active,NO,7950,1 / AA,1
81943595,2380151,"WWE Livestream Testing Show: WWE Livestream Testing Show: Season 1 - Sep 9, 2024, 1:54:04 PM: ""December 2, 2024""",,NO,"LiveTestPackage, NonSponsored",Live,Active,NO,7950,1 / AA,1
81943594,2367742,"WWE Livestream Testing Show: WWE Livestream Testing Show: Season 1 - Sep 9, 2024, 1:54:04 PM: ""November 11, 2024""",,NO,"LiveTestPackage, Sponsored",Live,Active,YES,7950,1 / AA,0
81943594,2380150,"WWE Livestream Testing Show: WWE Livestream Testing Show: Season 1 - Sep 9, 2024, 1:54:04 PM: ""November 11, 2024""",,NO,"LiveTestPackage, NonSponsored",Live,Active,YES,7950,1 / AA,0
81943598,2367724,"WWE Livestream Testing Show: WWE Livestream Testing Show: Season 1 - Sep 9, 2024, 1:54:04 PM: ""November 25, 2024""",,NO,"LiveTestPackage, Sponsored",Live,Active,NO,7950,1 / AA,1
81943598,2402941,"WWE Livestream Testing Show: WWE Livestream Testing Show: Season 1 - Sep 9, 2024, 1:54:04 PM: ""November 25, 2024""",,NO,"LiveTestPackage, NonSponsored",Live,Active,NO,7950,1 / AA,1
81943593,2367723,"WWE Livestream Testing Show: WWE Livestream Testing Show: Season 1 - Sep 9, 2024, 1:54:04 PM: ""November 4, 2024""",,NO,"LiveTestPackage, Sponsored",Live,Active,YES,7950,1 / AA,0
81943593,2380145,"WWE Livestream Testing Show: WWE Livestream Testing Show: Season 1 - Sep 9, 2024, 1:54:04 PM: ""November 4, 2024""",,NO,"LiveTestPackage, NonSponsored",Live,Active,YES,7950,1 / AA,0
81943558,2367381,"WWE Livestream Testing Show: WWE Livestream Testing Show: Season 1 - Sep 9, 2024, 1:54:04 PM: ""October 21, 2024""",,NO,"LiveTestPackage, NonSponsored",Live,Active,YES,7950,1 / AA,0
81943558,2377334,"WWE Livestream Testing Show: WWE Livestream Testing Show: Season 1 - Sep 9, 2024, 1:54:04 PM: ""October 21, 2024""",,NO,"LiveTestPackage, Sponsored",Live,Active,YES,7950,1 / AA,0
81943559,2367376,"WWE Livestream Testing Show: WWE Livestream Testing Show: Season 1 - Sep 9, 2024, 1:54:04 PM: ""October 28, 2024""",,NO,"LiveTestPackage, Sponsored",Live,Active,YES,7950,1 / AA,0
81943559,2380149,"WWE Livestream Testing Show: WWE Livestream Testing Show: Season 1 - Sep 9, 2024, 1:54:04 PM: ""October 28, 2024""",,NO,"LiveTestPackage, NonSponsored",Live,Active,YES,7950,1 / AA,0
81943557,2367378,"WWE Livestream Testing Show: WWE Livestream Testing Show: Season 1 - Sep 9, 2024, 1:54:04 PM: ""September 30, 2024""",,NO,"LiveTestPackage, Sponsored",Live,Active,YES,7950,1 / AA,0
81943557,2376088,"WWE Livestream Testing Show: WWE Livestream Testing Show: Season 1 - Sep 9, 2024, 1:54:04 PM: ""September 30, 2024""",,NO,"LiveTestPackage, NonSponsored",Live,Active,YES,7950,1 / AA,0
81933139,2354501,"WWE Supplemental Messages Test Title: WWE Supplemental Messages Test Title: Season 1 - Aug 15, 2024, 10:17:06 PM: ""WWE Supplemental Messages Test Title: Season 1: Episode 1 - Aug 15, 2024, 10:17:06 PM""",,YES,LiveTestPackage,Live,Active,,7950,1 / AA,0
81933140,2354502,"WWE Supplemental Messages Test Title: WWE Supplemental Messages Test Title: Season 1 - Aug 15, 2024, 10:17:06 PM: ""WWE Supplemental Messages Test Title: Season 1: Episode 2 - Aug 15, 2024, 10:17:06 PM""",,YES,LiveTestPackage,Live,Active,,7950,1 / AA,0
81940790,2400213,"WWE Survivor Series: Season 38: 2024: ""Episode 1: Survivor Series: WarGames 2024""",,NO,Live,Live,Active,NO,"7950, 48496","5 / AA, BR, CL, ES, NZ",1
81975635,2397056,"WWE Weekly Live Episodes Test Title: WWE Weekly Live Episodes Test Title: Season 1 - Nov 6, 2024, 8:19:10 PM: ""Episode 1""",,YES,LiveTestPackage,Live,Active,NO,7950,1 / AA,0
81975636,2397054,"WWE Weekly Live Episodes Test Title: WWE Weekly Live Episodes Test Title: Season 1 - Nov 6, 2024, 8:19:10 PM: ""Episode 2""",,YES,LiveTestPackage,Live,Active,NO,7950,1 / AA,0
81975637,2397055,"WWE Weekly Live Episodes Test Title: WWE Weekly Live Episodes Test Title: Season 1 - Nov 6, 2024, 8:19:10 PM: ""Episode 3""",,YES,LiveTestPackage,Live,Active,NO,7950,1 / AA,0
81975638,2397053,"WWE Weekly Live Episodes Test Title: WWE Weekly Live Episodes Test Title: Season 1 - Nov 6, 2024, 8:19:10 PM: ""Episode 4""",,YES,LiveTestPackage,Live,Active,NO,7950,1 / AA,0
81975639,2397052,"WWE Weekly Live Episodes Test Title: WWE Weekly Live Episodes Test Title: Season 1 - Nov 6, 2024, 8:19:10 PM: ""Episode 5""",,YES,LiveTestPackage,Live,Active,NO,7950,1 / AA,0
81975640,2397057,"WWE Weekly Live Episodes Test Title: WWE Weekly Live Episodes Test Title: Season 1 - Nov 6, 2024, 8:19:10 PM: ""Episode 6""",,YES,LiveTestPackage,Live,Active,NO,7950,1 / AA,0
,,,,,,,,,,,
Titles on OC,,236,,,,,,,,,